{"cameraMode":{"drawMode":0,"name":"Shaded","section":"Shading Mode"},"sceneLighting":true,"audioPlay":false,"sceneViewState":{"showFog":false,"showMaterialUpdate":false,"showSkybox":true,"showFlares":false,"showImageEffects":false,"showParticleSystems":false,"showVisualEffectGraphs":true,"m_FxEnabled":true},"in2DMode":false,"pivot":{"x":-0.4513881206512451,"y":0.2829005718231201,"z":13.270188331604004},"rotation":{"x":-0.07374270260334015,"y":-0.002395790535956621,"z":0.0001768039946909994,"w":-0.9972771406173706},"size":12.12435531616211,"orthographic":false}